University,State
Dallas Baptist University,texas
Texas A & M University-Corpus Christi,texas
Argosy University-Dallas,texas
Hardin-Simmons University,texas
The University of Texas Health Science Center at San Antonio,texas
Texas State University,texas
University of North Texas,texas
Texas A & M International University,texas
Texas Wesleyan University,texas
University of Dallas,texas
West Texas A & M University,texas
University of Houston-Clear Lake,texas
The University of Texas-Pan American,texas
Texas A & M University-Commerce,texas
Texas State University,texas
Texas A & M University-Kingsville,texas
St Mary's University,texas
The University of Texas Health Science Center at Houston,texas
St Mary's University,texas
Lamar University,texas
The University of Texas Health Science Center at Houston,texas
Texas State University,texas
The University of Texas Health Science Center at San Antonio,texas
Dallas Baptist University,texas
Texas Southern University,texas
University of Texas Southwestern Medical Center,texas
Stephen F Austin State University,texas
Southwestern Assemblies of God University,texas
Argosy University-Dallas,texas
Tarleton State University,texas
The University of Texas at Tyler,texas
Texas Tech University Health Sciences Center,texas
Rice University,texas
Texas A & M University-Corpus Christi,texas
